"Gemeenten";"Batterij-elektrische voertuigen (BEV) totaal, geregistreerd bij eigenaar|Augustus 2019";"Batterij-elektrische voertuigen (BEV) totaal, geregistreerd bij eigenaar|September 2019";"Batterij-elektrische voertuigen (BEV) totaal, geregistreerd bij eigenaar|Oktober 2019";"Batterij-elektrische voertuigen (BEV) totaal, geregistreerd bij eigenaar|November 2019";"Batterij-elektrische voertuigen (BEV) totaal, geregistreerd bij eigenaar|December 2019";"Batterij-elektrische voertuigen (BEV) totaal, geregistreerd bij eigenaar|Januari 2020";"Batterij-elektrische voertuigen (BEV) totaal, geregistreerd bij eigenaar|Februari 2020";"Batterij-elektrische voertuigen (BEV) totaal, geregistreerd bij eigenaar|Maart 2020";"Batterij-elektrische voertuigen (BEV) totaal, geregistreerd bij eigenaar|April 2020";"Batterij-elektrische voertuigen (BEV) totaal, geregistreerd bij eigenaar|Mei 2020";"Batterij-elektrische voertuigen (BEV) totaal, geregistreerd bij eigenaar|Juni 2020";"Batterij-elektrische voertuigen (BEV) totaal, geregistreerd bij eigenaar|Juli 2020";"Batterij-elektrische voertuigen (BEV) totaal, geregistreerd bij eigenaar|Augustus 2020";"Batterij-elektrische voertuigen (BEV) totaal, geregistreerd bij eigenaar|September 2020";"Batterij-elektrische voertuigen (BEV) totaal, geregistreerd bij eigenaar|Oktober 2020";"Batterij-elektrische voertuigen (BEV) totaal, geregistreerd bij eigenaar|November 2020";"Batterij-elektrische voertuigen (BEV) totaal, geregistreerd bij eigenaar|December 2020";"Batterij-elektrische voertuigen (BEV) totaal, geregistreerd bij eigenaar|Januari 2021";"Totaal aantal (semi)publieke laadpunten voor elektrische auto's|Augustus 2019";"Totaal aantal (semi)publieke laadpunten voor elektrische auto's|September 2019";"Totaal aantal (semi)publieke laadpunten voor elektrische auto's|Oktober 2019";"Totaal aantal (semi)publieke laadpunten voor elektrische auto's|November 2019";"Totaal aantal (semi)publieke laadpunten voor elektrische auto's|December 2019";"Totaal aantal (semi)publieke laadpunten voor elektrische auto's|Januari 2020";"Totaal aantal (semi)publieke laadpunten voor elektrische auto's|Februari 2020";"Totaal aantal (semi)publieke laadpunten voor elektrische auto's|Maart 2020";"Totaal aantal (semi)publieke laadpunten voor elektrische auto's|April 2020";"Totaal aantal (semi)publieke laadpunten voor elektrische auto's|Mei 2020";"Totaal aantal (semi)publieke laadpunten voor elektrische auto's|Juni 2020";"Totaal aantal (semi)publieke laadpunten voor elektrische auto's|Juli 2020";"Totaal aantal (semi)publieke laadpunten voor elektrische auto's|Augustus 2020";"Totaal aantal (semi)publieke laadpunten voor elektrische auto's|September 2020";"Totaal aantal (semi)publieke laadpunten voor elektrische auto's|Oktober 2020";"Totaal aantal (semi)publieke laadpunten voor elektrische auto's|November 2020";"Totaal aantal (semi)publieke laadpunten voor elektrische auto's|December 2020";"Totaal aantal (semi)publieke laadpunten voor elektrische auto's|Januari 2021"
"Aa en Hunze";149;155;158;167;179;186;195;204;208;213;217;220;224;233;241;250;263;269;17;17;16;16;17;6;6;7;7;7;11;13;13;11;13;15;15;15
"Aalsmeer";248;259;264;278;301;305;311;315;311;313;326;334;349;366;388;401;430;438;176;182;184;191;195;181;183;187;185;185;203;210;212;218;218;217;221;219
"Aalten";163;165;169;171;174;180;184;186;189;198;210;220;226;236;240;245;258;259;13;14;13;13;13;12;13;13;21;29;29;29;29;31;25;29;29;29
"Achtkarspelen";108;111;116;118;124;127;127;130;133;131;135;138;141;142;145;151;155;156;16;16;16;16;16;12;12;12;12;12;12;15;15;15;15;17;17;17
"Alblasserdam";113;118;123;128;139;142;142;148;155;161;164;168;180;184;186;192;201;204;53;52;51;51;51;48;48;49;48;48;48;46;51;50;51;51;55;61
"Albrandswaard";166;170;171;174;190;201;207;212;217;222;224;232;238;251;260;273;284;286;101;107;109;112;114;99;105;106;108;108;108;108;110;111;111;115;112;117
"Alkmaar";764;830;862;922;1130;1137;1182;1220;1227;1252;1306;1350;1393;1459;1581;1633;1882;1875;479;508;508;541;500;540;554;551;557;560;564;583;587;600;610;623;618;620
"Almelo";303;329;335;342;378;376;385;401;403;412;429;447;466;480;505;527;569;577;95;102;105;111;112;98;112;115;121;119;125;127;126;132;134;133;140;135
"Almere";10825;12422;12789;14213;18776;18969;19305;19931;20090;20204;20605;21017;21534;22283;23053;24045;27612;27810;560;637;649;685;660;624;633;654;666;672;698;707;725;722;760;800;791;798
"Alphen aan den Rijn";713;740;761;805;858;864;885;896;908;929;957;1003;1043;1080;1123;1150;1226;1239;417;430;436;446;453;439;443;457;475;479;522;547;550;557;591;615;652;650
"Alphen-Chaam";51;57;61;63;67;69;70;72;72;72;74;76;80;80;81;82;88;89;7;7;7;8;8;5;5;17;15;17;17;17;17;17;17;17;19;18
"Altena";258;274;280;294;316;327;339;343;356;360;370;389;408;421;441;465;501;505;88;88;90;93;91;79;77;89;91;91;99;106;103;108;125;129;128;135
"Ameland";130;130;130;130;131;132;131;129;130;132;133;134;136;137;138;139;140;142;16;16;16;16;16;7;7;7;7;7;8;10;10;10;10;15;16;18
"Amersfoort";2965;3226;3374;3637;5077;5178;5261;5381;5396;5485;5639;5825;6345;6902;7422;8063;11055;10470;615;629;640;663;673;613;639;682;715;744;761;790;794;849;863;878;989;978
"Amstelveen";571;609;619;648;733;755;778;818;838;850;879;908;944;978;1007;1044;1095;1103;441;489;483;505;493;484;493;521;520;534;567;729;765;767;712;832;804;806
"Amsterdam";8697;9157;9234;9779;11178;11320;11747;11948;12451;12660;12937;13152;13307;13935;14423;15612;16646;17440;4295;4896;5001;5061;5120;4816;5044;5250;5344;5377;5461;5476;5393;5451;5538;5753;6856;6878
"Apeldoorn";1260;1313;1340;1402;1597;1606;1634;1706;1729;1746;1787;1826;1886;1948;2004;2081;2652;2651;421;437;473;477;488;431;447;461;470;474;484;530;546;548;559;574;593;598
"Arnhem";971;1023;1038;1085;1185;1196;1230;1248;1251;1272;1314;1370;1400;1453;1503;1540;1697;1663;613;631;647;652;682;656;716;809;801;809;824;828;778;801;802;813;844;847
"Assen";334;338;343;352;373;381;394;397;413;428;473;483;493;503;521;544;569;582;97;97;95;96;96;89;93;94;97;104;107;109;103;104;120;138;163;162
"Asten";91;96;98;100;106;105;109;111;113;115;119;124;130;137;142;144;146;150;10;10;10;10;10;8;10;10;14;16;18;18;18;18;22;22;22;22
"Baarle-Nassau";22;24;27;27;27;27;28;29;30;34;36;36;39;39;39;41;44;45;6;8;8;8;8;7;7;6;6;6;6;6;6;6;6;6;8;6
"Baarn";171;178;183;192;207;212;219;221;228;232;236;243;243;251;262;278;289;292;47;49;51;51;53;35;35;40;44;44;46;46;46;48;48;50;52;52
"Barendrecht";273;293;298;311;349;346;360;375;388;400;410;436;459;472;497;509;532;536;265;287;293;305;307;296;312;314;318;317;322;324;325;325;324;329;314;322
"Barneveld";425;435;440;452;483;515;535;536;541;553;557;579;589;605;626;647;706;723;182;201;206;218;217;196;214;219;227;229;240;251;251;255;253;255;259;257
"Beek";57;59;64;63;92;95;94;95;91;93;88;94;98;95;98;97;105;109;34;34;34;33;33;31;35;39;39;39;39;39;39;39;37;37;37;37
"Beekdaelen";108;113;114;122;131;134;143;152;155;158;161;171;175;193;192;200;215;218;30;30;30;30;32;25;33;33;33;33;33;34;35;35;35;37;37;37
"Beesel";38;39;40;41;42;42;42;43;43;43;41;44;46;50;52;53;64;65;9;9;9;10;10;4;4;3;3;3;3;3;6;6;8;10;10;10
"Berg en Dal";227;237;241;245;264;268;275;285;290;290;291;291;296;297;300;310;340;344;37;45;53;55;59;49;49;49;49;49;49;51;52;53;57;61;61;64
"Bergeijk";112;114;113;117;120;137;139;144;150;152;156;160;162;163;167;167;176;174;9;9;9;9;9;6;6;6;6;6;6;12;12;12;14;17;17;17
"Bergen (L.)";59;58;60;59;60;64;66;66;66;70;72;74;78;83;86;89;90;91;24;24;24;24;24;23;25;23;23;23;23;25;25;25;25;25;27;27
"Bergen (NH.)";230;240;243;248;262;265;269;276;275;281;284;297;302;308;324;332;344;349;80;93;99;123;101;100;100;103;102;106;106;107;107;107;109;119;115;115
"Bergen op Zoom";254;262;261;281;309;313;328;332;336;342;363;383;401;404;420;432;459;466;159;160;162;160;172;162;185;198;198;192;189;186;185;185;191;193;205;197
"Berkelland";206;211;219;222;237;245;251;258;256;262;269;281;302;318;331;343;356;364;27;30;31;35;36;31;35;38;38;38;40;41;37;42;49;47;49;50
"Bernheze";194;195;199;211;226;228;231;235;237;235;237;248;255;264;272;281;293;300;49;49;51;53;56;42;40;42;44;44;42;42;43;43;43;45;47;48
"Best";146;156;161;171;194;201;205;209;222;223;232;244;249;260;269;276;287;290;79;83;83;82;84;78;78;78;84;86;90;90;138;140;144;186;198;198
"Beuningen";148;152;154;157;170;171;176;182;184;184;191;197;204;205;219;225;234;235;35;35;37;37;37;31;34;37;36;33;33;34;34;34;40;40;42;42
"Beverwijk";184;187;192;197;214;221;230;236;238;236;247;264;279;288;291;305;345;345;98;106;110;115;110;99;101;107;109;106;106;111;110;110;110;112;112;112
"Bladel";124;129;131;141;158;161;169;170;172;157;168;177;188;190;200;209;219;220;29;29;30;28;28;23;23;23;23;23;25;25;35;39;39;41;46;46
"Blaricum";136;142;147;149;155;159;160;163;160;159;162;164;170;182;296;299;311;372;33;35;39;42;39;32;39;38;38;40;40;40;40;40;38;40;42;38
"Bloemendaal";229;245;252;259;271;276;281;287;294;301;309;316;321;334;350;355;367;378;52;60;56;62;58;50;54;60;56;56;86;87;88;93;93;95;97;97
"Bodegraven-Reeuwijk";471;480;481;494;520;503;504;511;520;518;519;532;522;642;709;834;865;897;68;68;70;78;90;66;69;76;95;97;99;101;100;107;113;121;144;142
"Boekel";69;71;72;73;80;83;85;87;91;90;92;97;101;103;108;113;116;120;17;17;17;16;16;16;18;22;22;22;22;22;22;22;22;22;21;20
"Borger-Odoorn";131;134;139;149;161;160;160;161;167;170;173;178;190;190;197;200;210;216;14;16;16;18;18;18;20;20;20;20;20;16;16;20;20;32;34;34
"Borne";116;118;121;125;133;136;139;139;140;142;148;159;161;169;176;178;180;179;18;22;20;18;19;19;19;21;21;19;21;25;27;27;27;26;26;34
"Borsele";189;202;210;216;236;247;252;259;264;273;294;300;307;322;342;361;372;376;33;33;33;33;33;23;23;23;23;27;33;33;33;37;43;43;43;43
"Boxtel";145;158;166;177;194;198;204;206;204;213;217;231;240;245;255;264;273;276;55;63;65;66;216;56;60;69;73;73;75;78;78;86;96;98;107;106
"Breda";5488;6332;6505;7122;9324;9200;9300;9590;9771;9924;10197;10401;10670;11121;11609;12080;13519;13451;572;619;633;646;676;612;616;721;750;765;775;783;784;809;849;885;987;1004
"Bronckhorst";305;320;324;343;371;366;373;384;388;394;408;424;443;454;480;490;539;541;34;34;34;34;35;29;35;42;40;42;47;46;43;42;43;46;46;46
"Brummen";98;98;102;104;119;123;130;137;136;135;141;147;156;165;170;178;186;188;19;19;18;27;30;24;24;24;25;25;25;24;24;24;25;26;26;27
"Brunssum";40;43;44;48;49;50;56;58;58;61;63;66;70;80;90;94;98;99;18;24;24;26;26;25;25;25;25;25;25;25;25;25;25;25;25;25
"Bunnik";179;182;187;196;211;226;224;238;241;244;241;245;256;258;269;276;282;292;81;92;103;106;119;96;98;100;98;100;100;120;119;117;117;123;137;137
"Bunschoten";91;98;103;110;126;131;136;136;139;142;149;149;154;162;166;173;180;182;30;31;31;31;31;23;25;27;27;25;25;25;25;29;29;33;35;34
"Buren";168;173;179;189;204;216;222;245;249;251;258;268;278;289;303;308;319;325;22;23;25;25;27;14;14;14;20;20;20;20;20;20;22;22;24;22
"Capelle aan den IJssel";331;354;372;390;483;489;500;506;514;533;545;569;589;620;667;670;720;725;224;220;224;223;228;202;221;237;268;284;292;296;292;300;316;328;316;333
"Castricum";227;239;245;257;276;281;284;289;293;301;310;326;337;349;362;372;386;388;98;102;123;126;97;109;111;124;124;124;124;126;126;134;133;153;153;150
"Coevorden";139;146;146;153;164;164;168;172;169;176;178;188;195;205;214;218;228;225;21;21;21;25;23;20;20;20;20;20;19;23;23;23;25;27;25;24
"Cranendonck";105;108;110;112;116;119;121;123;124;128;129;132;140;142;150;155;164;166;20;20;25;25;25;22;21;21;21;21;21;21;21;23;19;19;17;18
"Culemborg";163;168;174;185;204;212;230;222;222;228;232;243;252;266;271;273;286;292;78;80;85;88;90;82;108;135;135;135;147;146;147;147;147;147;163;159
"Dalfsen";147;150;153;166;174;179;181;184;186;192;197;200;207;216;219;232;244;246;40;42;42;42;42;37;37;37;41;43;43;43;43;43;43;45;46;49
"Dantumadiel";47;46;43;46;49;50;50;54;55;61;66;70;73;73;76;74;78;83;13;13;13;15;15;14;12;12;12;12;12;12;12;12;12;12;12;12
"De Bilt";393;411;414;435;466;474;480;489;495;503;514;532;547;559;583;606;639;641;146;155;146;163;158;147;157;158;158;158;164;167;165;175;162;160;158;157
"De Fryske Marren";233;252;264;271;301;310;326;332;332;332;354;369;384;400;414;441;463;470;39;40;44;45;43;27;39;39;38;39;40;44;41;44;49;58;60;59
"De Ronde Venen";362;374;384;397;431;440;457;483;489;495;510;522;541;549;567;588;606;619;137;138;143;140;142;125;127;135;131;137;140;140;144;144;143;155;154;159
"De Wolden";107;111;110;115;123;122;123;127;128;126;131;139;143;146;154;165;176;178;17;17;27;27;30;27;27;29;31;31;35;37;37;37;36;38;38;37
"Delft";476;514;521;541;615;630;639;661;670;680;698;716;739;771;788;816;863;888;349;349;349;359;365;332;329;360;374;378;392;379;386;408;422;435;454;466
"Den Haag";3203;3476;3554;3750;4234;4153;4248;4481;4577;4697;4842;5035;5368;5666;5989;6378;7019;7037;2517;2597;2682;2706;2722;2711;2732;2785;2884;2948;3010;3058;3129;3226;3367;3435;3533;3534
"Den Helder";195;200;204;211;217;223;245;249;239;244;253;267;280;301;308;320;331;328;82;92;90;92;88;84;84;85;84;86;88;89;89;96;100;106;106;106
"Deurne";157;158;158;161;173;174;183;186;190;196;196;207;217;220;225;233;235;244;36;36;38;40;42;34;34;36;36;36;40;40;44;48;47;54;61;57
"Deventer";450;463;461;485;583;567;576;590;579;582;595;621;635;672;720;768;1116;1096;250;255;267;271;281;244;259;266;281;274;282;289;282;282;314;332;346;330
"Diemen";153;157;158;166;179;187;198;199;200;203;208;218;230;232;245;247;256;262;159;167;171;171;167;157;156;157;175;114;128;138;139;142;143;151;116;127
"Dijk en Waard";483;503;513;525;574;601;633;647;654;670;683;710;738;775;805;838;887;917;172;195;204;215;195;192;194;206;212;214;222;228;227;227;227;227;230;229
"Dinkelland";210;220;230;241;254;260;283;286;287;292;317;339;351;359;375;380;380;386;28;28;28;27;27;21;21;21;23;23;25;27;28;28;30;30;30;30
"Doesburg";49;59;63;74;80;80;82;83;84;87;90;97;96;100;104;106;108;110;12;13;13;13;13;12;12;12;12;12;12;12;12;12;12;12;12;12
"Doetinchem";345;354;364;391;465;469;479;482;477;485;499;516;542;563;598;638;766;732;58;59;63;62;65;49;53;66;72;72;78;78;77;77;84;88;91;90
"Dongen";115;123;127;128;146;146;148;154;157;158;164;171;181;185;192;201;205;207;40;44;44;45;53;43;47;49;51;51;51;51;51;51;51;53;54;54
"Dordrecht";731;775;800;847;1169;1091;1179;1160;1174;1193;1234;1290;1328;1387;1526;1595;1901;1801;363;371;375;375;387;354;354;366;370;370;390;392;404;412;456;458;477;477
"Drechterland";110;114;114;118;125;127;131;135;138;142;145;148;160;160;168;169;178;181;16;16;20;20;18;19;19;21;21;21;21;21;21;21;20;20;22;22
"Drimmelen";126;134;139;143;150;152;157;167;167;171;180;181;189;191;204;212;226;227;41;43;43;44;44;39;43;43;41;45;47;47;45;48;48;52;54;52
"Dronten";241;251;257;269;294;302;311;316;318;329;348;364;374;387;402;413;450;460;71;71;75;74;75;67;78;80;90;90;84;86;85;88;90;95;95;94
"Druten";102;104;105;107;118;119;121;129;131;134;136;140;143;145;148;151;160;164;34;35;37;38;40;31;31;32;32;32;34;33;31;31;34;34;36;36
"Duiven";192;204;207;213;235;243;251;260;260;258;272;282;287;310;326;336;379;389;47;46;105;107;72;50;49;60;60;54;54;65;66;66;68;120;120;122
"Echt-Susteren";122;127;129;132;138;140;142;151;153;158;166;173;177;186;192;200;209;212;26;34;34;34;34;33;33;33;33;33;39;39;39;39;39;39;39;39
"Edam-Volendam";261;263;270;274;283;292;299;305;303;319;352;374;397;405;416;429;447;451;71;80;86;87;92;85;85;85;85;85;85;87;87;85;91;93;94;93
"Ede";701;752;759;808;862;882;901;973;960;978;1016;1060;1115;1155;1195;1236;1347;1349;303;326;340;341;345;318;328;337;346;345;365;366;352;356;361;377;406;403
"Eemnes";77;81;81;84;92;93;97;98;99;101;102;101;104;112;116;114;119;122;48;50;52;52;45;49;49;48;48;48;54;54;52;56;60;62;62;59
"Eemsdelta";162;168;167;169;170;173;176;181;190;196;204;209;219;230;251;257;274;282;21;21;21;21;25;20;22;28;30;30;30;32;26;28;30;32;36;36
"Eersel";158;163;162;167;188;193;196;200;202;209;213;219;224;234;238;250;271;277;68;80;81;85;87;79;79;81;82;87;99;100;98;98;93;92;103;105
"Eijsden-Margraten";83;85;88;97;104;104;106;111;116;118;124;129;137;140;153;162;168;174;28;28;28;28;29;21;21;24;23;24;24;24;25;27;29;29;27;27
"Eindhoven";1265;1336;1363;1447;1646;1682;1728;1756;1781;1816;1877;1973;2047;2139;2229;2282;2450;2445;758;774;823;835;869;809;877;881;861;844;913;945;896;960;960;988;1008;983
"Elburg";104;105;104;106;113;117;119;120;120;124;137;151;154;157;162;164;171;171;28;28;30;30;31;24;24;24;24;24;24;24;24;28;30;33;35;35
"Emmen";292;301;306;312;329;334;344;353;362;366;381;406;420;445;466;490;520;533;73;73;81;88;99;87;102;115;113;109;105;100;109;115;133;139;138;134
"Enkhuizen";68;67;68;75;79;79;81;83;86;92;97;99;101;103;110;115;119;125;28;34;38;40;40;42;44;44;44;44;46;47;47;48;48;48;48;48
"Enschede";541;563;565;589;642;649;660;669;682;692;738;773;811;850;900;937;1013;1020;214;225;225;231;238;226;238;257;265;273;283;300;294;300;311;319;346;359
"Epe";179;184;189;202;217;218;224;225;232;236;242;254;260;270;280;305;318;329;24;27;27;26;29;27;29;35;37;37;39;43;43;47;47;47;46;46
"Ermelo";149;154;159;162;176;179;179;194;191;197;196;202;206;216;226;230;239;240;42;42;44;48;50;49;53;53;57;62;64;70;65;66;66;66;69;69
"Etten-Leur";172;189;191;197;212;223;229;236;237;242;251;265;279;303;311;321;331;334;87;91;95;97;98;94;98;98;98;103;105;107;107;107;107;118;128;134
"Geertruidenberg";119;125;126;128;139;147;153;155;159;160;163;174;176;184;190;193;201;203;54;63;63;63;64;60;61;60;60;60;70;70;70;72;72;72;81;79
"Geldrop-Mierlo";266;275;278;299;313;313;328;336;339;349;360;383;406;422;438;450;447;452;44;46;46;47;45;50;52;52;52;60;72;72;76;76;74;74;87;87
"Gemert-Bakel";171;178;179;187;214;217;221;226;227;228;237;255;265;272;279;288;297;301;32;36;34;35;35;33;33;33;35;35;37;37;37;39;37;37;37;38
"Gennep";91;98;103;105;112;112;115;123;125;128;131;139;138;141;142;150;154;153;20;22;22;22;24;24;24;24;24;24;26;26;26;26;26;26;29;29
"Gilze en Rijen";118;121;126;132;147;153;156;163;164;172;176;186;192;201;208;214;217;218;44;50;50;59;60;54;54;54;54;54;58;60;60;60;60;60;72;72
"Goeree-Overflakkee";297;321;331;340;368;374;394;395;401;408;425;451;463;467;481;497;519;529;153;154;157;164;166;148;149;181;186;188;190;196;194;188;195;205;218;219
"Goes";341;358;362;384;449;452;463;467;476;481;490;510;525;546;571;590;627;629;119;119;123;125;124;117;125;128;134;134;137;142;148;154;149;151;151;152
"Goirle";97;101;104;110;115;116;118;121;123;128;132;135;143;146;155;162;176;180;25;29;34;36;36;31;31;31;31;31;35;35;35;35;35;37;43;51
"Gooise Meren";475;500;509;532;571;579;584;605;615;631;652;664;694;718;737;760;794;807;181;222;245;238;228;249;265;272;282;296;299;299;298;307;312;330;325;319
"Gorinchem";246;251;256;265;294;307;316;317;318;324;332;347;365;377;390;401;450;450;105;113;109;114;113;102;116;120;120;120;126;126;126;128;135;143;143;172
"Gouda";249;268;266;284;299;305;319;321;336;348;359;373;383;396;416;428;454;463;226;229;239;243;249;217;221;227;226;228;228;239;236;242;238;246;236;281
"Groningen";1759;1886;1940;2132;2438;2449;2542;2592;2648;2690;2774;2895;2983;3077;3238;3397;3663;3662;560;577;583;607;616;555;600;608;654;673;698;706;700;705;708;771;801;778
"Gulpen-Wittem";62;66;67;68;72;74;75;78;80;83;83;87;98;102;101;104;106;107;11;13;13;15;17;17;17;21;21;21;23;25;25;26;26;28;28;28
"Haaksbergen";97;99;99;106;113;117;119;123;123;127;137;144;149;156;166;168;176;179;23;24;26;26;26;18;18;22;28;28;28;28;24;24;24;28;31;23
"Haarlem";959;1003;1020;1061;1154;1180;1213;1232;1245;1261;1302;1344;1391;1435;1499;1552;1624;1641;315;400;449;503;479;475;500;542;553;556;569;571;568;578;575;599;610;604
"Haarlemmermeer";3530;3823;3969;4708;5677;5656;5754;5936;5982;6385;6570;6716;6941;7256;7484;7887;9107;9156;1069;1126;1163;1182;1168;1123;1147;1113;1111;1126;1146;1142;1147;1169;1273;1322;1385;1387
"Halderberge";135;142;147;155;167;171;178;187;193;195;199;211;223;227;242;252;261;267;29;30;30;33;33;30;28;30;30;38;40;50;52;52;54;54;54;54
"Hardenberg";197;206;212;219;233;238;249;273;279;284;295;316;332;343;353;372;391;409;71;74;75;79;81;77;77;81;87;93;114;126;128;125;125;128;129;133
"Harderwijk";232;247;249;260;279;291;312;275;283;287;302;315;329;348;352;378;415;408;121;127;129;132;133;124;128;133;132;132;134;138;140;146;148;158;164;164
"Hardinxveld-Giessendam";51;52;54;55;61;62;64;66;69;72;77;78;85;93;103;106;117;119;35;36;42;42;43;39;40;45;46;46;52;50;50;50;52;59;58;63
"Harlingen";79;81;83;83;88;89;92;97;100;104;110;110;111;114;117;118;122;124;29;31;31;31;29;31;33;39;39;39;43;43;43;43;43;46;47;45
"Hattem";79;86;89;94;106;106;108;109;110;110;113;114;117;120;122;124;136;138;19;19;19;20;21;12;14;18;20;20;20;20;20;20;20;20;20;20
"Heemskerk";176;186;188;197;207;213;221;221;225;229;234;241;249;280;291;300;320;322;56;71;73;76;66;67;67;67;77;81;83;84;84;90;90;90;91;91
"Heemstede";181;183;187;199;223;224;224;238;246;253;259;268;275;292;299;312;329;332;59;58;59;59;60;35;41;43;41;41;41;40;41;41;41;41;40;41
"Heerde";99;102;105;105;111;112;113;120;125;123;128;134;137;144;149;153;164;164;30;36;38;38;39;26;26;26;26;26;30;30;30;32;32;32;32;32
"Heerenveen";533;550;554;562;585;586;614;622;616;623;638;643;653;670;686;703;727;742;99;115;115;128;130;104;98;105;140;135;139;151;162;168;139;155;158;162
"Heerlen";301;314;315;326;352;360;372;380;377;384;399;428;451;470;482;500;561;552;115;111;124;128;128;111;111;121;121;121;137;143;148;151;155;163;170;158
"Heeze-Leende";130;134;133;139;145;149;150;155;158;160;164;168;180;183;187;189;200;203;28;29;30;31;31;18;18;24;24;24;25;25;25;25;25;27;27;27
"Heiloo";145;153;155;163;172;177;187;189;191;193;200;207;217;229;235;245;260;261;51;59;70;72;71;64;60;73;75;71;81;80;80;84;84;98;97;97
"Hellendoorn";188;196;199;213;233;238;257;258;258;259;260;271;283;290;298;324;374;372;36;35;36;38;36;29;30;33;35;35;39;47;48;48;47;53;57;53
"Helmond";360;374;392;419;467;488;491;501;502;516;550;579;607;636;659;686;719;740;130;137;152;155;155;130;134;135;143;151;156;166;164;176;174;175;186;186
"Hendrik-Ido-Ambacht";116;123;126;131;145;145;149;153;153;162;169;181;186;190;201;210;221;227;118;120;122;125;127;116;110;112;118;119;121;122;120;118;130;138;145;148
"Hengelo";724;782;810;896;1147;1134;1161;1190;1217;1238;1276;1361;1412;1481;1543;1628;1867;1880;181;187;190;190;200;194;202;211;217;205;205;211;201;209;237;271;278;280
"Het Hogeland";232;236;240;250;256;262;267;274;274;276;283;295;302;310;324;334;349;355;35;36;36;36;36;28;28;35;41;41;41;43;49;51;61;59;64;61
"Heumen";97;102;107;113;123;127;130;130;129;127;129;139;141;144;148;149;157;160;17;17;17;19;39;31;35;35;35;35;39;40;40;36;38;44;44;44
"Heusden";210;223;224;238;255;267;271;274;281;284;286;294;314;333;354;364;384;385;54;62;70;72;74;62;64;65;64;64;78;82;87;87;88;88;85;85
"Hillegom";160;170;174;176;184;185;188;195;196;197;203;213;218;225;230;235;244;247;24;40;42;46;46;42;46;49;48;50;50;56;56;62;64;64;66;64
"Hilvarenbeek";121;125;124;133;146;153;157;158;162;167;166;170;179;182;192;202;209;217;23;27;29;29;28;25;25;25;25;25;27;27;27;27;27;27;27;25
"Hilversum";971;1002;1032;1070;1151;1164;1182;1218;1216;1239;1268;1293;1317;1380;1440;1479;1551;1562;336;357;391;405;379;338;348;353;358;362;376;477;389;394;405;420;422;415
"Hoeksche Waard";573;594;606;621;675;683;700;712;702;714;735;758;808;842;881;908;969;979;251;262;269;274;276;227;230;237;233;237;246;247;246;250;245;255;270;277
"Hof van Twente";184;192;193;200;218;224;230;237;239;239;244;260;271;276;284;299;318;321;41;41;43;47;48;41;43;50;52;56;56;56;54;56;53;54;53;54
"Hollands Kroon";243;247;257;276;295;306;311;317;319;329;342;359;378;389;403;421;452;461;25;31;35;35;33;27;27;28;32;32;38;40;40;40;42;46;53;52
"Hoogeveen";171;180;183;185;204;207;210;218;222;228;236;248;263;280;289;297;312;322;55;55;56;63;62;61;71;71;78;70;72;72;67;69;76;80;84;82
"Hoorn";333;350;359;367;412;422;437;449;453;452;460;479;489;521;544;561;600;595;129;141;146;150;140;131;133;136;136;136;140;136;140;150;150;158;166;168
"Horst aan de Maas";193;198;205;210;226;229;250;255;260;260;281;313;310;306;318;341;382;386;46;55;55;54;54;47;49;50;51;51;54;54;54;54;56;59;62;62
"Houten";1936;2221;2283;2545;3212;3251;3346;3488;3589;3656;3832;3957;4137;4449;4777;5137;6200;6298;186;191;202;229;220;188;183;201;201;203;217;233;231;241;277;289;285;311
"Huizen";229;242;251;253;280;282;286;286;291;293;305;321;333;343;363;375;395;406;111;124;123;126;123;117;119;122;126;128;138;146;147;154;162;163;164;162
"Hulst";128;131;134;135;146;152;154;160;164;165;174;179;186;187;197;206;216;218;19;19;19;23;23;16;23;31;37;35;35;35;36;34;34;34;34;34
"IJsselstein";175;185;190;199;226;231;238;246;250;255;258;268;270;286;295;302;311;309;79;85;79;94;79;84;84;84;84;84;85;84;84;87;89;89;93;93
"Kaag en Braassem";200;209;215;223;246;254;258;267;273;280;291;305;314;319;331;347;359;359;64;69;73;73;73;56;56;60;68;68;72;76;76;78;78;83;91;97
"Kampen";230;235;241;242;265;270;273;283;284;289;289;297;302;308;320;331;358;361;62;62;62;68;78;70;75;84;92;92;94;94;96;96;96;107;106;108
"Kapelle";76;81;80;82;91;93;97;100;101;100;102;104;108;112;115;117;127;132;25;25;25;25;28;23;23;31;31;35;33;33;35;31;32;32;36;35
"Katwijk";343;355;370;375;425;434;443;460;462;464;473;487;505;523;544;562;607;597;161;164;178;192;198;183;184;184;188;198;202;198;198;206;206;216;220;220
"Kerkrade";109;113;116;117;123;128;130;134;137;138;140;159;164;168;170;178;180;181;21;30;30;32;31;39;39;45;43;43;51;51;52;58;52;52;64;62
"Koggenland";135;135;140;144;150;158;159;165;170;178;185;191;198;205;211;215;226;232;23;24;24;26;21;19;23;26;28;30;34;36;36;38;40;40;39;40
"Krimpen aan den IJssel";118;130;131;136;154;154;160;164;162;166;175;186;205;215;225;242;261;260;91;93;93;100;99;84;89;91;95;95;111;111;111;111;117;121;111;121
"Krimpenerwaard";341;359;369;380;413;421;436;442;455;467;491;507;521;538;568;598;626;633;120;122;122;126;130;116;120;139;140;144;144;144;146;146;148;162;162;167
"Laarbeek";134;139;144;145;157;155;158;159;160;165;174;177;185;189;202;208;214;216;26;26;28;28;30;28;28;28;28;28;30;30;30;32;34;35;36;37
"Land van Cuijk";491;515;528;549;581;599;610;615;623;638;654;687;707;744;766;795;824;837;117;124;124;137;139;112;115;121;122;120;130;130;129;133;131;131;150;149
"Landgraaf";103;105;108;108;113;116;118;121;122;122;125;132;136;139;141;148;156;157;21;21;21;20;22;22;22;26;26;26;36;36;38;38;38;38;43;41
"Landsmeer";88;93;95;97;108;110;114;113;114;116;119;120;122;124;128;133;140;140;32;37;38;38;38;35;37;37;37;37;37;37;37;37;36;38;38;38
"Lansingerland";455;477;481;520;581;595;597;621;618;628;647;683;706;745;791;808;872;885;188;192;211;217;221;182;216;230;236;232;240;247;255;267;282;294;278;298
"Laren";128;139;143;146;158;159;160;169;166;171;178;180;186;194;201;212;219;224;30;38;40;40;40;31;33;37;37;37;37;39;35;35;33;34;34;34
"Leeuwarden";692;733;717;752;849;853;869;893;896;905;931;958;994;1051;1094;1151;1230;1249;261;288;294;307;319;294;318;338;342;355;361;357;353;353;351;376;399;401
"Leiden";516;546;554;591;635;652;672;687;701;717;735;756;795;823;848;865;890;901;467;485;499;499;501;488;491;546;536;554;560;566;539;538;549;551;561;554
"Leiderdorp";191;204;214;234;254;250;255;262;263;266;278;287;299;315;327;337;355;360;93;97;101;102;103;98;100;108;115;108;128;152;163;170;176;197;228;192
"Leidschendam-Voorburg";371;392;397;411;438;450;463;476;483;491;513;531;549;564;589;611;644;642;229;235;237;245;247;233;243;250;268;270;274;282;290;306;312;319;307;329
"Lelystad";610;624;628;656;707;720;727;742;754;769;786;813;856;870;903;942;982;984;222;237;241;243;248;230;238;236;245;248;257;251;251;254;264;282;290;281
"Leudal";146;151;152;158;167;169;174;187;195;205;213;218;230;236;245;251;255;258;40;40;44;43;43;34;34;36;36;36;36;36;36;36;36;37;37;37
"Leusden";164;187;199;211;223;234;241;246;244;244;250;266;264;273;286;299;312;299;114;131;135;137;131;118;118;126;130;132;136;116;113;121;138;150;154;157
"Lingewaard";259;263;270;270;288;296;304;309;317;320;332;343;354;366;385;408;424;430;51;55;60;60;61;48;50;52;54;62;64;62;72;76;80;83;85;84
"Lisse";123;127;132;137;148;152;156;168;171;177;187;205;221;227;232;245;254;259;30;40;44;44;48;43;43;46;48;48;48;48;46;48;48;58;71;71
"Lochem";224;230;236;241;302;308;315;328;324;326;339;352;359;373;386;399;425;430;39;41;42;47;50;34;34;35;34;35;37;37;38;39;47;51;51;51
"Loon op Zand";104;106;109;114;121;124;130;135;137;176;192;201;217;231;237;241;251;253;104;108;108;108;108;101;125;141;150;161;143;147;147;147;149;149;150;149
"Lopik";86;86;90;92;96;100;104;105;107;108;116;117;124;130;135;142;153;157;16;18;20;24;24;22;21;21;21;21;23;20;17;19;25;25;21;23
"Losser";164;167;168;174;200;206;209;238;235;238;239;247;256;256;257;258;261;265;11;11;14;14;16;12;15;17;17;19;18;18;19;19;19;19;19;18
"Maasdriel";148;153;159;161;172;179;185;191;195;198;200;210;219;223;234;241;248;252;23;23;23;25;25;19;25;25;27;27;27;27;27;27;27;34;34;36
"Maasgouw";120;129;132;140;147;149;153;154;155;156;161;169;174;183;192;189;196;196;17;21;21;21;21;16;18;20;20;20;23;23;23;23;23;23;25;22
"Maashorst";503;535;558;591;659;670;682;704;713;718;734;776;810;839;872;910;1016;1029;79;103;109;110;114;95;112;117;119;116;123;125;125;131;157;158;178;182
"Maassluis";121;127;129;133;141;148;148;152;150;158;164;168;173;184;189;197;214;218;85;89;92;95;93;88;88;91;95;95;95;94;93;94;94;94;94;94
"Maastricht";372;389;407;420;463;466;475;487;491;498;514;526;538;563;572;584;616;627;190;216;228;230;234;214;218;246;237;234;240;248;254;255;269;273;296;294
"Medemblik";244;250;255;267;289;300;303;312;316;320;333;354;367;380;396;412;428;430;50;59;61;69;61;57;62;68;71;72;78;78;75;75;80;85;87;86
"Meerssen";70;71;73;79;84;87;90;94;96;98;102;110;118;121;123;126;138;138;16;18;18;18;18;16;16;18;18;18;21;24;24;24;26;26;28;28
"Meierijstad";429;459;467;492;541;549;572;568;568;577;603;622;649;695;730;744;795;810;97;118;130;134;136;122;124;128;134;133;171;177;179;185;183;192;210;212
"Meppel";125;127;132;146;155;163;170;175;171;174;183;188;193;200;208;221;236;241;40;41;41;41;47;38;42;51;54;54;56;54;54;56;64;71;74;77
"Middelburg";222;229;237;251;284;294;296;300;302;311;326;334;341;356;358;363;384;385;62;63;63;64;66;60;64;88;94;94;93;102;102;102;104;114;119;115
"Midden-Delfland";148;152;154;160;171;181;186;193;195;195;200;203;214;217;223;227;238;241;66;66;68;70;70;57;59;61;63;67;67;67;65;65;66;70;67;73
"Midden-Drenthe";141;148;151;152;162;175;180;178;181;182;183;188;192;206;214;230;240;247;33;33;33;35;39;37;37;41;42;44;44;43;43;43;44;44;44;43
"Midden-Groningen";289;296;302;307;323;328;339;340;341;357;375;392;397;413;427;436;451;457;22;24;24;26;27;18;18;19;17;17;17;17;15;16;16;24;27;26
"Moerdijk";179;188;196;202;221;224;237;241;252;258;264;279;300;317;331;345;367;373;88;90;90;88;90;85;92;96;99;99;105;107;107;117;120;121;118;121
"Molenlanden";261;267;274;284;326;335;344;349;357;364;380;392;407;420;441;464;492;506;72;72;75;76;78;62;62;68;72;72;75;75;77;79;79;81;89;87
"Montferland";211;215;219;230;266;272;280;289;292;301;317;330;337;341;351;367;384;389;39;42;44;45;45;27;27;31;31;31;35;35;37;39;50;52;52;55
"Montfoort";85;86;86;94;101;104;106;105;105;104;106;106;112;116;120;123;132;138;20;34;34;34;35;31;33;32;34;34;34;34;36;36;36;38;38;40
"Mook en Middelaar";55;58;59;61;66;67;68;69;70;68;70;71;72;73;77;82;87;92;9;9;9;9;9;6;6;6;6;6;6;6;6;6;6;6;6;6
"Neder-Betuwe";138;145;148;151;167;170;173;180;192;201;206;215;226;237;255;272;269;270;35;35;35;41;43;36;42;47;51;49;53;64;62;62;63;65;66;64
"Nederweert";74;81;85;92;99;103;106;110;114;118;124;135;136;141;148;151;163;162;11;11;13;13;13;12;12;12;12;12;12;12;14;15;15;21;26;27
"Nieuwegein";348;378;377;399;459;451;456;462;460;465;470;498;522;537;553;578;618;616;419;409;425;477;452;437;433;446;964;472;473;485;484;461;473;486;514;524
"Nieuwkoop";222;233;238;239;261;272;274;283;286;287;291;307;320;329;335;349;388;372;75;75;76;76;83;75;81;85;85;85;93;93;94;96;101;117;121;124
"Nijkerk";230;233;240;250;284;297;306;313;319;329;337;347;358;367;381;394;424;428;111;119;131;136;137;124;131;131;145;145;151;151;154;155;152;163;172;168
"Nijmegen";759;781;804;843;908;935;953;953;972;984;993;1026;1059;1093;1141;1169;1258;1296;308;323;348;388;403;369;375;418;433;442;459;470;472;477;508;522;541;549
"Nissewaard";334;358;365;382;418;426;438;451;461;476;498;525;539;560;591;629;680;686;238;235;243;254;256;227;231;247;249;255;258;255;263;273;285;293;285;304
"Noardeast-Fryslân";174;178;179;188;198;207;211;214;213;214;224;231;238;250;256;260;280;281;87;87;87;87;87;79;79;82;82;82;82;82;82;82;80;84;92;92
"Noord-Beveland";67;69;73;74;75;74;77;79;83;89;96;97;97;102;105;109;116;118;40;40;40;40;39;31;31;58;58;58;60;65;70;69;69;76;74;73
"Noordenveld";249;255;258;268;280;289;295;298;302;304;309;320;329;346;352;364;369;375;25;26;27;31;33;21;33;35;41;41;45;45;45;45;53;55;57;52
"Noordoostpolder";239;244;245;259;279;288;300;302;310;322;343;350;366;384;402;416;436;450;64;68;69;65;67;53;53;54;56;62;70;72;76;82;78;86;90;84
"Noordwijk";357;366;380;392;430;441;459;464;471;480;488;502;516;530;546;565;588;591;156;159;164;166;168;155;157;157;161;165;175;179;187;186;188;190;193;192
"Nuenen, Gerwen en Nederwetten";182;188;195;209;242;237;240;246;254;264;281;287;297;308;325;338;380;390;57;58;59;62;68;56;56;58;58;62;64;66;68;64;67;69;69;69
"Nunspeet";149;151;153;156;166;167;170;175;175;180;188;195;200;208;222;228;237;241;44;48;48;61;62;54;54;59;63;69;69;67;69;71;71;71;70;71
"Oegstgeest";156;164;171;176;186;188;192;195;200;198;209;210;217;230;239;243;256;259;59;62;70;72;79;73;76;78;78;75;79;84;88;88;88;89;89;89
"Oirschot";116;121;123;124;131;136;138;138;142;143;146;149;153;158;162;166;168;169;23;23;23;23;24;19;19;21;21;21;25;33;33;33;33;41;43;43
"Oisterwijk";235;245;250;260;268;274;276;286;289;287;297;309;318;331;343;360;381;384;35;61;68;71;72;60;60;65;63;63;65;69;69;71;67;70;71;73
"Oldambt";112;112;113;116;122;123;124;130;133;136;144;153;161;164;171;171;187;191;41;42;43;43;43;32;44;48;48;48;48;50;49;47;49;57;57;57
"Oldebroek";79;79;82;87;95;101;101;107;108;110;112;118;124;127;130;133;141;145;28;28;29;29;34;24;24;26;32;32;34;34;34;34;34;40;40;41
"Oldenzaal";185;192;194;196;205;210;214;221;228;234;236;245;254;262;275;286;305;313;27;34;38;38;40;33;43;44;44;44;46;44;44;48;50;50;50;50
"Olst-Wijhe";99;103;104;105;110;112;113;115;117;119;122;128;135;138;148;152;159;159;12;12;13;13;13;5;7;8;8;8;8;8;8;8;8;10;11;10
"Ommen";96;99;104;105;116;124;130;141;141;142;151;152;161;171;180;185;192;197;15;15;20;20;20;19;23;25;31;33;39;41;44;46;47;47;47;45
"Oost Gelre";146;152;156;153;156;160;161;169;172;173;171;177;186;191;198;200;208;214;36;38;38;38;38;34;36;42;42;42;42;40;43;44;44;47;36;45
"Oosterhout";279;300;306;320;370;378;405;407;409;411;426;461;486;507;522;551;591;604;134;145;161;169;169;150;140;144;143;137;162;180;175;185;190;181;207;216
"Ooststellingwerf";145;147;147;151;157;161;165;174;176;192;195;198;196;205;210;217;235;243;31;35;35;35;36;32;30;34;34;34;36;38;38;38;36;37;37;37
"Oostzaan";81;83;85;89;98;99;99;107;107;111;112;117;121;131;141;144;148;147;34;54;58;59;57;58;59;59;59;59;59;62;64;64;64;64;64;64
"Opmeer";69;71;75;74;76;79;83;85;87;88;93;98;101;102;106;106;109;114;10;14;14;18;18;19;19;19;19;19;19;19;19;19;19;19;19;19
"Opsterland";179;188;191;201;207;204;205;206;210;215;219;226;229;239;244;256;275;282;44;44;44;44;45;41;41;41;55;107;107;116;119;121;65;62;63;62
"Oss";417;444;454;472;514;523;545;567;573;575;592;627;664;690;721;745;785;783;101;114;113;116;115;90;98;112;112;112;116;117;117;119;133;135;161;161
"Oude IJsselstreek";214;224;229;237;244;248;252;255;256;260;265;276;283;287;295;302;321;326;33;34;35;34;34;29;33;33;35;35;35;33;33;33;39;43;44;44
"Ouder-Amstel";944;967;989;1014;1045;1083;1122;1138;1154;1157;1176;1200;1224;1262;1303;1327;1399;1388;74;74;81;84;81;81;86;89;86;86;86;86;89;89;92;94;98;98
"Oudewater";70;72;74;76;81;81;82;83;83;88;89;91;94;98;101;103;109;112;8;18;20;18;14;20;20;20;20;20;20;20;20;24;24;24;24;24
"Overbetuwe";339;367;376;392;466;467;480;496;508;517;527;549;560;581;619;646;723;722;74;79;85;94;99;79;91;104;111;111;111;113;115;115;124;135;141;142
"Papendrecht";109;119;124;124;142;148;153;160;160;164;173;175;186;193;202;210;227;231;140;143;144;150;150;144;144;144;146;148;156;154;155;155;136;146;135;135
"Peel en Maas";164;176;178;190;200;205;208;218;223;227;238;242;252;277;284;291;307;318;18;22;22;22;21;16;16;24;24;25;31;33;33;33;36;36;36;35
"Pekela";32;35;37;36;38;38;37;38;38;39;40;46;47;50;50;49;49;52;2;2;2;2;2;2;4;4;4;4;6;6;6;6;6;6;6;6
"Pijnacker-Nootdorp";469;490;502;525;554;558;571;585;604;607;619;636;661;694;725;740;772;789;181;183;184;191;193;176;178;185;185;190;189;199;199;199;209;211;201;213
"Purmerend";896;940;979;614;716;720;718;730;736;721;750;769;790;837;846;870;933;937;124;127;134;138;123;128;126;145;146;149;168;166;172;176;180;196;198;197
"Putten";129;134;138;144;170;184;189;190;189;192;211;209;215;221;230;237;250;261;30;34;35;35;35;30;32;31;31;33;36;36;36;38;36;36;36;35
"Raalte";213;221;227;233;246;249;250;252;255;259;268;292;306;314;324;333;356;356;19;21;26;26;32;22;37;47;57;57;55;60;58;62;66;65;64;62
"Reimerswaal";109;116;118;121;133;137;145;148;154;160;172;173;182;187;189;197;201;209;23;23;23;23;23;19;21;22;22;22;22;25;25;24;26;27;27;25
"Renkum";251;257;263;271;293;301;311;322;326;331;341;351;356;372;382;390;408;412;39;41;41;41;42;35;37;45;59;59;61;61;61;61;64;67;73;69
"Renswoude";47;47;46;47;53;56;60;61;61;60;61;62;62;65;72;72;74;74;7;7;7;7;7;6;6;10;10;10;10;10;10;10;12;12;14;14
"Reusel-De Mierden";68;70;71;71;76;74;73;76;76;76;77;76;82;83;87;91;93;94;4;4;5;5;5;5;5;5;5;7;7;7;7;7;6;6;8;8
"Rheden";326;341;346;352;370;382;398;408;430;441;453;464;486;499;509;524;547;555;87;90;100;110;120;110;118;123;126;126;130;130;130;130;135;148;148;154
"Rhenen";104;108;109;114;123;129;128;129;127;129;139;144;151;147;154;160;168;171;30;30;30;32;32;30;30;30;30;32;36;36;32;32;32;34;36;35
"Ridderkerk";260;264;273;281;291;295;302;306;315;317;326;339;355;367;387;404;432;439;216;215;215;217;221;186;186;185;187;182;190;189;187;188;203;214;217;229
"Rijssen-Holten";175;192;203;213;249;258;263;268;276;280;295;307;322;332;341;359;382;379;87;86;87;88;95;80;82;84;90;90;103;101;99;98;100;106;106;107
"Rijswijk";665;735;782;849;1059;1033;1023;1056;1061;1076;1085;1098;1138;1177;1196;1237;1393;1363;146;146;149;151;153;143;143;143;146;147;151;168;166;170;175;180;191;185
"Roerdalen";83;85;85;86;89;92;91;93;91;93;99;109;108;110;110;118;126;128;19;19;19;19;18;15;15;15;15;15;15;15;15;15;15;15;15;15
"Roermond";215;223;226;231;253;259;265;289;293;302;313;335;350;366;370;394;424;425;129;131;131;131;131;99;95;108;110;110;114;128;132;130;120;148;145;154
"Roosendaal";346;360;372;378;487;427;433;442;441;446;445;458;469;491;510;525;572;558;105;109;110;111;115;99;107;110;112;95;97;98;100;104;107;107;104;108
"Rotterdam";2898;3045;3116;3295;3654;3728;3823;3923;3963;4061;4186;4368;4490;4632;4809;5003;5394;5432;2944;3002;3053;3113;3144;2898;3011;3128;3145;3216;3270;3348;3441;3542;3733;4002;3846;4050
"Rozendaal";26;26;27;26;27;28;28;29;30;29;29;32;34;39;42;44;34;36;3;5;5;6;5;4;4;4;4;4;4;4;4;4;5;7;7;7
"Rucphen";87;88;91;94;102;106;108;111;112;113;120;128;131;133;135;140;147;151;22;26;25;24;24;20;20;22;22;22;22;22;22;24;24;26;26;26
"Schagen";320;333;336;350;370;371;385;400;405;409;426;447;466;481;496;508;537;541;92;100;103;103;104;98;110;116;126;130;140;136;138;140;142;142;143;144
"Scherpenzeel";58;59;58;59;62;65;67;68;68;68;69;71;73;79;81;84;88;90;18;18;18;18;18;16;16;17;17;20;19;19;19;19;19;21;21;28
"Schiedam";272;289;295;313;344;344;344;358;364;374;384;398;414;421;458;473;509;513;162;166;172;180;193;189;194;210;213;223;231;237;239;239;248;259;236;248
"Schiermonnikoog";13;13;13;13;13;14;14;17;18;19;19;19;21;21;21;21;21;21;2;2;2;2;2;2;2;2;2;2;2;2;2;2;2;2;2;2
"Schouwen-Duiveland";275;288;295;299;332;327;331;339;338;338;343;359;367;378;401;404;416;419;115;117;118;123;123;105;109;141;149;155;169;173;175;175;178;185;191;191
"'s-Hertogenbosch";1103;1250;1278;1378;1717;1735;1798;1828;1842;1872;1935;1998;2063;2175;2308;2363;2669;2668;702;726;753;779;784;747;709;742;788;739;763;750;705;734;746;754;768;819
"Simpelveld";23;23;23;24;25;24;26;27;29;29;32;36;37;40;39;39;46;45;6;6;6;6;6;4;4;5;5;5;5;5;5;5;5;5;5;5
"Sint-Michielsgestel";155;171;174;182;199;203;206;212;210;213;219;230;234;245;257;262;278;282;26;31;38;39;37;25;31;31;35;35;35;35;39;41;44;49;62;60
"Sittard-Geleen";527;556;569;611;702;708;722;735;742;750;774;791;820;862;893;944;1015;1027;139;155;155;155;155;147;168;174;178;174;178;180;190;191;203;179;187;190
"Sliedrecht";121;127;130;136;144;147;148;156;157;162;165;172;182;192;200;208;218;220;94;95;95;95;95;87;89;88;88;88;88;100;101;97;100;108;108;110
"Sluis";183;189;190;193;200;202;205;208;207;207;238;246;257;283;284;284;293;294;64;66;66;66;69;56;62;78;85;87;95;96;99;99;108;106;107;105
"Smallingerland";706;772;791;840;1161;1328;1353;1370;1385;1395;1450;1436;1634;1820;1907;1500;1829;1815;120;120;128;129;138;118;124;131;133;130;138;141;114;116;124;129;132;119
"Soest";284;308;315;327;369;364;372;384;390;395;404;428;442;461;472;491;511;522;61;72;70;70;70;51;51;56;56;56;64;61;80;98;140;150;156;154
"Someren";78;82;83;82;93;93;97;97;100;100;104;110;119;128;134;135;142;146;12;14;18;14;10;7;7;7;7;7;11;13;11;11;13;13;16;16
"Son en Breugel";82;86;88;91;100;102;107;108;112;115;123;128;130;133;144;146;149;152;10;12;15;15;20;16;16;16;16;16;18;18;18;18;18;18;18;18
"Stadskanaal";102;113;116;116;123;123;129;130;132;128;131;139;143;150;158;160;167;167;14;16;13;13;13;10;10;11;11;11;13;13;13;13;13;17;13;13
"Staphorst";44;47;46;47;51;51;51;50;56;58;61;63;64;67;75;83;85;87;27;27;27;27;29;28;34;34;36;38;38;48;44;46;46;48;48;48
"Stede Broec";77;83;85;88;95;99;101;102;101;106;112;113;116;121;129;133;141;145;11;17;17;17;19;17;19;18;22;22;22;22;22;26;26;26;27;26
"Steenbergen";110;112;113;118;126;129;132;134;133;136;145;146;150;154;162;162;165;167;39;45;45;49;51;35;35;34;34;34;44;54;54;54;58;59;51;53
"Steenwijkerland";259;263;269;276;290;296;305;310;317;317;327;336;342;341;348;366;391;392;41;43;47;47;48;34;34;40;42;43;65;72;71;71;77;82;81;86
"Stein";53;55;55;57;64;67;69;75;75;77;80;88;93;94;97;98;103;108;61;62;65;65;65;58;58;62;62;62;62;60;60;60;60;57;63;59
"Stichtse Vecht";468;489;498;524;564;573;581;599;619;630;629;644;655;673;695;753;1156;1157;262;271;275;290;296;263;263;273;273;273;283;286;282;281;271;279;283;285
"Súdwest-Fryslân";425;441;451;465;504;514;536;549;554;570;592;605;636;660;688;707;746;757;93;101;105;105;105;84;84;93;96;94;104;113;105;105;104;105;100;100
"Terneuzen";217;225;228;231;240;244;250;253;259;265;275;293;301;309;321;329;353;362;63;61;63;65;65;61;67;94;94;98;106;114;123;121;126;128;134;133
"Terschelling";103;104;105;106;106;105;105;106;106;116;116;117;116;120;122;121;111;110;114;114;115;114;114;114;114;114;114;108;110;111;12;6;6;42;56;56
"Texel";200;201;205;204;207;210;212;213;217;217;223;233;256;259;264;272;278;284;61;85;85;88;80;80;83;89;91;92;94;100;100;98;101;99;101;100
"Teylingen";302;323;326;350;415;434;447;454;455;452;461;477;504;512;554;603;1274;691;114;115;112;112;113;95;97;98;100;107;114;114;120;126;134;139;139;138
"Tholen";102;105;110;117;133;135;141;143;145;152;155;167;177;190;208;222;239;240;56;63;62;63;68;63;45;71;73;71;93;93;130;63;63;63;63;63
"Tiel";252;279;296;336;445;461;478;477;480;491;502;519;537;568;625;669;802;807;134;148;162;164;167;151;157;163;170;169;171;178;175;173;173;173;181;181
"Tilburg";1969;2252;2324;2562;3343;3364;3418;3489;3537;3590;3641;3818;3923;4135;4354;4614;5194;5252;675;720;742;750;771;719;756;777;784;797;839;860;869;885;887;890;935;959
"Tubbergen";107;112;115;121;142;148;166;167;172;171;179;192;197;201;211;221;232;239;21;21;21;21;21;25;24;31;30;33;36;36;33;33;33;33;35;35
"Twenterand";80;81;82;84;86;87;96;97;102;103;104;112;117;123;129;137;139;141;30;30;30;30;32;24;40;43;43;43;44;44;42;30;29;31;27;39
"Tynaarlo";832;954;994;1085;1435;1588;1643;1674;1693;1710;1741;1758;1804;1874;1932;1997;2171;2180;34;38;38;45;50;43;43;43;43;40;47;53;55;53;60;63;61;61
"Tytsjerksteradiel";180;185;185;189;201;203;210;212;215;218;222;226;242;252;267;274;288;295;32;32;32;33;33;25;26;28;31;31;35;37;37;37;36;34;32;34
"Uitgeest";77;81;85;87;91;94;98;103;105;106;107;110;113;110;112;115;124;128;40;41;44;52;45;50;50;50;50;50;50;50;54;54;56;60;62;62
"Uithoorn";194;198;200;205;228;233;239;249;258;264;271;293;295;311;323;331;354;360;83;90;90;90;92;78;90;94;94;94;102;102;102;112;120;130;133;132
"Urk";83;85;87;88;96;97;99;100;102;101;104;107;108;117;122;126;136;140;22;24;26;26;24;23;23;24;28;28;32;34;35;37;37;37;35;38
"Utrecht";3160;3532;3629;3946;4779;4703;4816;4899;4981;5037;5128;5254;5478;5835;6110;6590;7157;7123;1638;1725;1755;1778;1616;1545;1597;1636;1728;1756;1795;2009;2008;2071;2123;2178;2374;2466
"Utrechtse Heuvelrug";409;432;434;449;486;502;513;526;531;537;560;587;599;615;636;656;681;700;173;191;193;193;182;162;167;172;172;172;177;181;186;191;193;194;191;190
"Vaals";34;36;37;38;45;45;45;46;45;45;46;49;51;53;55;58;62;62;18;24;20;20;24;17;21;23;23;23;23;23;23;23;23;19;19;19
"Valkenburg aan de Geul";126;132;138;141;147;150;152;155;160;166;175;196;200;200;212;229;234;222;27;27;27;27;27;22;22;22;22;22;26;26;28;30;32;35;41;42
"Valkenswaard";150;162;165;167;197;197;204;211;218;218;223;238;252;265;277;285;308;317;23;23;23;23;25;21;21;24;24;24;25;25;25;29;30;34;38;38
"Veendam";68;72;73;75;84;92;90;91;94;96;97;102;109;113;115;119;131;130;20;15;22;22;24;23;27;30;29;31;31;31;31;31;29;29;23;29
"Veenendaal";333;364;373;398;466;480;494;510;518;525;544;554;569;600;637;674;752;756;213;215;217;217;219;221;224;246;240;246;264;262;246;247;254;278;280;292
"Veere";187;193;194;196;212;213;219;224;227;230;239;249;257;260;274;280;284;285;101;112;111;115;119;105;105;104;112;116;138;144;148;148;193;208;208;209
"Veldhoven";155;160;165;175;187;188;197;200;206;219;220;233;241;256;271;285;308;319;53;83;85;87;90;86;86;89;88;88;90;90;90;86;82;86;93;95
"Velsen";402;413;426;441;466;467;480;481;489;499;508;529;546;552;572;591;618;626;119;139;137;145;148;139;144;157;162;170;174;178;182;180;185;195;207;202
"Venlo";543;563;565;570;594;603;610;624;627;632;639;677;714;733;747;769;917;908;146;170;179;191;200;184;207;214;215;216;232;241;227;228;249;240;246;245
"Venray";174;179;188;193;195;199;205;212;220;223;232;244;255;269;285;289;304;309;38;43;43;49;52;44;49;50;50;50;49;49;50;54;65;71;102;100
"Vijfheerenlanden";355;374;378;393;439;454;464;479;497;502;517;534;552;573;590;611;667;667;130;133;140;151;152;138;144;149;155;153;154;164;164;166;188;188;231;227
"Vlaardingen";252;258;261;270;292;291;295;294;301;305;313;339;353;373;385;407;437;442;191;191;197;202;203;190;194;203;212;215;215;217;221;227;230;250;240;250
"Vlieland";14;14;14;14;14;14;15;15;15;15;15;15;16;16;16;16;16;16;3;3;3;3;3;1;1;1;1;1;1;1;1;1;1;1;1;1
"Vlissingen";168;170;171;176;183;187;189;196;197;208;214;223;226;234;242;251;257;259;31;31;31;42;41;38;38;51;53;53;57;57;57;57;59;65;64;57
"Voerendaal";57;59;59;59;64;66;66;66;66;67;69;72;72;76;78;83;91;91;7;9;9;9;10;3;3;3;3;3;3;3;3;3;3;3;3;3
"Voorne aan Zee";448;458;470;476;500;515;530;548;561;575;591;606;629;651;679;694;724;731;222;227;233;236;253;217;230;232;234;236;246;261;269;271;278;286;269;284
"Voorschoten";111;116;120;122;131;134;137;141;142;144;147;150;152;156;163;169;177;178;72;72;80;80;79;76;76;76;76;78;82;80;82;81;78;80;79;80
"Voorst";137;142;145;148;157;162;167;169;170;179;181;189;197;201;213;212;225;227;45;41;41;41;53;45;47;47;51;53;53;55;55;55;57;59;58;62
"Vught";194;203;209;219;245;254;258;263;268;271;284;294;297;309;328;334;345;357;112;117;115;120;122;104;112;106;107;118;121;137;140;140;152;157;160;157
"Waadhoeke";186;196;196;203;217;224;234;240;240;249;259;268;281;284;290;301;332;332;24;24;14;15;15;9;24;24;24;26;26;26;24;24;26;27;30;30
"Waalre";106;114;123;130;141;144;145;146;150;152;157;166;171;178;184;194;203;202;40;39;39;41;41;35;37;37;73;73;72;37;37;37;38;38;38;37
"Waalwijk";220;232;243;266;345;303;311;324;327;339;336;346;359;394;388;399;457;431;115;125;127;127;122;116;117;115;115;131;131;138;144;139;140;149;176;166
"Waddinxveen";170;181;184;189;204;212;218;219;223;221;231;243;253;270;345;371;415;417;110;109;117;117;118;104;106;106;106;108;107;111;112;114;117;123;132;132
"Wageningen";168;177;183;186;207;210;216;222;224;234;244;253;262;263;274;283;348;357;119;123;127;130;135;127;126;133;133;132;136;142;142;141;137;137;143;163
"Wassenaar";242;252;258;265;281;288;297;308;315;321;329;343;349;361;377;391;414;425;93;95;103;108;109;89;91;99;99;101;97;101;101;101;99;103;102;105
"Waterland";193;197;200;204;211;216;267;267;277;280;282;296;302;301;284;290;299;302;47;44;52;58;51;54;66;72;72;67;74;74;78;78;78;82;86;82
"Weert";199;205;214;221;240;244;248;252;258;266;272;280;296;307;320;337;361;363;52;60;65;66;67;56;50;63;63;63;75;75;74;75;79;81;83;81
"West Betuwe";1124;1316;1341;1380;1539;1963;1971;1988;1793;2099;2911;3912;4057;4585;4652;4848;4895;5688;129;138;143;153;154;129;139;151;155;159;162;172;173;176;178;182;185;185
"West Maas en Waal";111;116;121;126;132;136;145;149;143;147;152;163;173;178;187;195;209;209;12;12;12;12;12;9;9;8;8;9;9;9;9;8;8;8;8;8
"Westerkwartier";390;397;406;422;437;454;461;472;480;485;492;506;520;541;560;599;632;647;57;60;61;70;82;63;70;71;71;71;77;82;85;85;90;103;105;105
"Westerveld";114;115;121;126;139;141;141;145;145;148;153;159;169;179;196;204;214;216;29;30;30;30;30;24;24;28;28;26;28;28;29;32;40;42;43;42
"Westervoort";30;32;33;34;36;39;40;41;42;45;47;49;53;52;51;53;58;59;3;3;3;3;3;3;3;3;3;3;3;3;3;3;3;5;5;5
"Westerwolde";72;78;80;84;90;89;91;92;93;91;93;100;103;107;113;119;123;128;5;5;8;8;8;8;22;22;22;22;23;23;23;23;26;26;24;26
"Westland";646;701;721;764;847;874;896;910;934;933;969;989;1033;1079;1112;1163;1244;1270;335;349;351;356;361;296;306;321;328;362;374;384;402;421;436;484;468;495
"Weststellingwerf";100;103;109;115;127;136;144;143;142;142;145;152;152;157;162;166;174;176;37;38;38;34;34;30;29;29;30;30;27;27;30;29;30;30;29;30
"Wierden";434;448;458;479;524;524;542;560;573;589;603;614;639;644;661;692;739;742;15;15;16;16;20;11;13;17;18;19;22;22;22;24;26;30;35;37
"Wijchen";225;235;252;252;270;281;309;314;321;326;329;335;346;386;411;417;444;452;96;97;112;112;111;88;91;93;98;98;101;103;103;107;116;120;124;132
"Wijdemeren";153;155;156;163;166;167;171;176;178;179;183;188;193;193;193;199;208;213;42;54;58;58;50;48;48;49;49;45;45;47;47;49;49;53;53;53
"Wijk bij Duurstede";172;180;183;189;199;200;206;210;215;216;223;236;241;252;255;267;276;280;26;26;31;32;30;26;26;26;26;26;27;26;26;26;26;26;26;30
"Winterswijk";191;189;189;195;214;215;219;219;220;223;225;229;236;242;251;257;271;274;18;18;18;18;17;16;19;22;28;30;31;30;27;27;30;32;36;35
"Woensdrecht";86;86;87;88;97;104;104;105;106;113;113;117;118;123;129;131;134;139;28;28;28;28;28;25;27;35;39;39;44;44;44;40;44;44;48;47
"Woerden";333;349;357;376;429;445;464;473;474;481;487;512;519;531;552;575;613;629;227;264;266;270;276;242;271;285;297;303;309;316;312;315;313;324;335;331
"Wormerland";107;114;116;122;127;126;126;130;133;136;141;149;158;161;165;170;175;173;34;40;48;49;42;38;38;40;40;44;55;58;64;64;64;66;66;66
"Woudenberg";126;126;127;129;132;135;137;137;136;133;137;194;197;199;204;213;214;216;33;33;33;33;33;28;30;31;31;32;28;30;35;35;37;37;37;38
"Zaanstad";713;739;764;789;843;868;890;907;920;937;954;986;1020;1057;1099;1138;1197;1198;394;416;426;436;394;431;435;441;444;457;468;469;490;495;504;508;539;509
"Zaltbommel";174;174;186;190;196;201;204;209;214;216;221;241;243;257;272;290;305;307;63;65;67;68;69;66;76;77;77;83;83;85;85;87;95;95;102;96
"Zandvoort";128;131;136;140;143;147;146;150;152;161;167;174;174;179;184;186;195;201;37;35;37;43;43;42;44;46;46;46;46;54;54;54;70;72;76;76
"Zeewolde";126;127;129;136;149;150;161;163;165;167;171;180;189;193;206;207;219;226;49;53;54;56;58;48;48;54;56;56;57;57;56;60;70;85;88;87
"Zeist";538;583;604;644;765;783;800;825;840;863;891;910;947;990;1029;1076;1208;1196;302;335;343;340;327;269;281;285;291;292;310;329;325;345;356;370;382;378
"Zevenaar";240;246;246;245;270;269;280;286;284;288;296;301;315;329;340;358;374;385;72;77;82;89;98;83;83;83;83;87;95;101;101;101;109;118;124;124
"Zoetermeer";631;655;664;691;757;766;786;809;820;838;860;890;916;968;1000;1045;1108;1129;422;426;430;438;449;416;417;451;459;470;470;479;490;494;502;517;530;524
"Zoeterwoude";51;52;54;56;60;60;62;65;65;69;70;71;75;80;83;84;88;89;62;62;62;63;63;60;64;64;64;63;64;64;60;62;58;60;50;58
"Zuidplas";273;287;296;308;334;339;346;357;373;402;412;441;458;471;486;497;532;537;123;130;130;133;132;123;123;125;129;126;133;134;134;137;140;150;150;150
"Zundert";71;75;78;78;85;89;91;95;94;95;103;116;123;127;134;137;144;146;19;25;28;28;28;22;22;23;23;23;23;23;23;25;25;30;32;32
"Zutphen";235;240;244;258;268;265;269;276;279;289;299;311;324;332;344;350;371;377;101;104;104;106;107;89;98;115;123;126;130;132;138;140;144;145;145;144
"Zwartewaterland";108;114;116;123;132;137;135;137;133;141;148;157;163;170;179;196;212;211;45;45;46;46;47;34;34;53;57;57;55;57;50;54;54;58;62;62
"Zwijndrecht";138;148;152;160;182;188;193;204;212;220;231;241;260;277;291;306;327;316;94;104;108;116;112;103;103;105;105;103;109;111;105;105;105;115;115;117
"Zwolle";554;600;619;647;725;772;787;825;840;855;890;902;947;994;1024;1088;1330;1320;456;468;473;474;475;427;453;470;481;500;522;537;453;473;487;528;562;559
"Onbekend";33;32;31;30;30;30;31;30;31;31;30;30;29;29;30;29;30;31;"";"";"";"";"";"";"";"";"";"";"";"";"";"";"";"";"";""
